CONFIG_ID;IS_ELITE;IS_BEST;algorithm;localsearch;alpha;beta;rho;ants;q0;rasrank;elitistants;nnls;dlb
1;FALSE;FALSE;eas;3;2.6;3.94;0.92;53;NA;NA;212;38;1
2;FALSE;FALSE;as;1;0.1;8.94;0.42;5;NA;NA;NA;15;0
3;FALSE;FALSE;ras;0;1.35;6.44;0.67;77;NA;49;NA;NA;NA
4;FALSE;FALSE;mmas;2;3.85;1.44;0.18;29;NA;NA;NA;26;0
5;FALSE;FALSE;acs;2;0.73;5.19;0.55;65;0.73;NA;NA;9;0
6;FALSE;FALSE;mmas;0;3.23;0.19;0.05;17;NA;NA;NA;NA;NA
7;FALSE;FALSE;as;3;1.98;7.69;0.3;41;NA;NA;NA;44;1
8;FALSE;FALSE;ras;1;4.48;2.69;0.8;89;NA;61;NA;21;0
9;FALSE;FALSE;acs;3;4.17;9.56;0.12;95;0.79;NA;NA;18;1
10;FALSE;FALSE;mmas;1;1.67;4.56;0.61;47;NA;NA;NA;41;0
11;FALSE;FALSE;as;2;2.92;7.06;0.86;23;NA;NA;NA;29;0
12;FALSE;FALSE;eas;0;0.42;2.06;0.36;71;NA;NA;72;NA;NA
13;FALSE;FALSE;as;0;4.79;5.81;0.98;35;NA;NA;NA;NA;NA
14;FALSE;FALSE;ras;2;2.29;0.81;0.49;83;NA;80;NA;47;0
15;FALSE;FALSE;eas;3;1.04;3.31;0.73;11;NA;NA;353;12;1
16;FALSE;FALSE;acs;1;3.54;8.31;0.24;59;0.42;NA;NA;35;0
17;FALSE;FALSE;ras;3;0.26;7.38;0.21;20;NA;8;NA;39;0
18;FALSE;FALSE;as;1;2.76;2.38;0.7;68;NA;NA;NA;16;1
19;FALSE;FALSE;eas;2;1.51;9.88;0.95;92;NA;NA;1;5;1
20;FALSE;FALSE;acs;0;4.01;4.88;0.46;44;0.89;NA;NA;NA;NA
21;FALSE;FALSE;ras;2;3.38;3.63;0.33;8;NA;96;NA;22;1
22;FALSE;FALSE;mmas;0;0.88;8.63;0.83;56;NA;NA;NA;NA;NA
23;FALSE;FALSE;eas;1;2.13;6.13;0.08;32;NA;NA;283;11;1
24;FALSE;FALSE;as;3;4.63;1.13;0.58;80;NA;NA;NA;34;0
25;FALSE;FALSE;mmas;2;0.57;4.25;0.02;62;NA;NA;NA;48;1
26;FALSE;FALSE;ras;0;3.07;9.25;0.52;14;NA;27;NA;NA;NA
27;FALSE;FALSE;eas;1;4.32;6.75;0.27;86;NA;NA;236;36;1
28;TRUE;FALSE;acs;3;1.82;1.75;0.76;38;0.2;NA;NA;13;0
29;TRUE;FALSE;mmas;3;3.7;5.5;0.39;74;NA;NA;NA;19;0
30;FALSE;FALSE;acs;1;1.2;0.5;0.89;26;0.57;NA;NA;42;1
31;FALSE;FALSE;ras;2;4.95;8;0.64;50;NA;89;NA;31;1
32;FALSE;FALSE;as;0;2.45;3;0.15;98;NA;NA;NA;NA;NA
33;FALSE;FALSE;acs;2;4.56;6.28;0.9;72;1;NA;NA;16;0
34;FALSE;FALSE;eas;0;2.06;1.28;0.41;24;NA;NA;505;NA;NA
35;FALSE;FALSE;ras;1;0.81;3.78;0.66;96;NA;94;NA;27;0
36;FALSE;FALSE;mmas;3;3.31;8.78;0.16;48;NA;NA;NA;50;1
37;FALSE;FALSE;acs;0;2.68;5.03;0.78;84;0.37;NA;NA;NA;NA
38;FALSE;FALSE;mmas;2;0.18;0.03;0.29;36;NA;NA;NA;21;0
39;TRUE;FALSE;eas;3;1.43;2.53;0.53;60;NA;NA;599;33;1
40;FALSE;FALSE;as;1;3.93;7.53;0.04;12;NA;NA;NA;10;0
41;FALSE;FALSE;as;0;1.12;6.91;0.59;30;NA;NA;NA;NA;NA
42;FALSE;FALSE;ras;2;3.62;1.91;0.1;78;NA;75;NA;41;0
43;FALSE;FALSE;eas;3;4.87;4.41;0.84;6;NA;NA;740;7;1
44;FALSE;FALSE;acs;1;2.37;9.41;0.35;54;0.18;NA;NA;30;0
45;FALSE;FALSE;eas;0;4.24;0.66;0.22;66;NA;NA;458;NA;NA
46;FALSE;FALSE;as;2;1.74;5.66;0.72;18;NA;NA;NA;36;0
47;FALSE;FALSE;ras;3;0.49;8.16;0.47;90;NA;38;NA;24;1
48;FALSE;FALSE;mmas;1;2.99;3.16;0.97;42;NA;NA;NA;47;0
49;FALSE;FALSE;acs;0;0.03;3.47;0.13;51;0.65;NA;NA;NA;NA
50;FALSE;FALSE;eas;2;2.53;8.47;0.63;99;NA;NA;388;11;1
51;FALSE;FALSE;mmas;1;1.28;0.97;0.87;75;NA;NA;NA;23;1
52;FALSE;FALSE;ras;3;3.78;5.97;0.38;27;NA;41;NA;46;0
53;FALSE;FALSE;mmas;0;4.4;9.72;0.75;63;NA;NA;NA;NA;NA
54;FALSE;FALSE;acs;2;1.9;4.72;0.25;15;0.03;NA;NA;17;1
55;FALSE;FALSE;ras;1;3.15;7.22;0.5;39;NA;78;NA;6;1
56;FALSE;FALSE;as;3;0.65;2.22;1;87;NA;NA;NA;29;0
57;FALSE;FALSE;as;2;4.09;2.84;0.44;57;NA;NA;NA;43;1
58;FALSE;FALSE;ras;0;1.59;7.84;0.94;9;NA;22;NA;NA;NA
59;TRUE;FALSE;acs;3;2.84;0.34;0.69;33;0.46;NA;NA;8;0
60;FALSE;FALSE;eas;1;0.34;5.34;0.19;81;NA;NA;622;31;1
61;FALSE;FALSE;as;0;3.46;4.09;0.32;93;NA;NA;NA;NA;NA
62;FALSE;FALSE;eas;2;0.96;9.09;0.81;45;NA;NA;529;37;1
63;FALSE;FALSE;acs;1;4.71;1.59;0.56;21;0.84;NA;NA;49;1
64;FALSE;FALSE;mmas;3;2.21;6.59;0.07;69;NA;NA;NA;26;0
65;FALSE;FALSE;ras;2;4.36;4.17;0.59;39;NA;15;NA;45;1
66;FALSE;FALSE;as;0;1.86;9.17;0.09;87;NA;NA;NA;NA;NA
67;FALSE;FALSE;eas;3;3.11;1.67;0.34;63;NA;NA;558;10;0
68;FALSE;FALSE;acs;1;0.61;6.67;0.83;15;0.29;NA;NA;33;1
69;FALSE;FALSE;ras;3;2.49;5.42;0.96;51;NA;78;NA;27;0
70;FALSE;FALSE;mmas;1;4.99;0.42;0.46;99;NA;NA;NA;50;1
71;FALSE;FALSE;eas;0;3.74;2.92;0.71;27;NA;NA;652;NA;NA
72;FALSE;FALSE;as;2;1.24;7.92;0.22;75;NA;NA;NA;39;1
73;FALSE;FALSE;acs;0;4.67;8.55;0.28;33;0.22;NA;NA;NA;NA
74;FALSE;FALSE;mmas;2;2.17;3.55;0.77;81;NA;NA;NA;19;1
75;FALSE;FALSE;as;1;3.42;6.05;0.53;57;NA;NA;NA;7;1
76;FALSE;FALSE;ras;3;0.92;1.05;0.03;9;NA;84;NA;30;0
77;FALSE;FALSE;acs;2;2.8;9.8;0.4;21;0.6;NA;NA;13;1
78;FALSE;FALSE;eas;0;0.3;4.8;0.9;69;NA;NA;699;NA;NA
79;FALSE;FALSE;mmas;3;4.05;7.3;0.65;93;NA;NA;NA;48;0
80;FALSE;FALSE;ras;1;1.55;2.3;0.15;45;NA;46;NA;25;1
81;FALSE;FALSE;acs;0;2.02;0.11;0.62;90;0.75;NA;NA;NA;NA
82;FALSE;FALSE;eas;2;4.52;5.11;0.12;42;NA;NA;581;15;0
83;FALSE;FALSE;mmas;1;0.77;2.61;0.37;18;NA;NA;NA;26;0
84;FALSE;FALSE;ras;3;3.27;7.61;0.87;66;NA;99;NA;49;1
85;FALSE;FALSE;eas;1;3.89;8.86;0.99;78;NA;NA;488;9;0
86;FALSE;FALSE;as;3;1.39;3.86;0.49;30;NA;NA;NA;32;1
87;FALSE;FALSE;acs;2;0.14;1.36;0.74;54;0.38;NA;NA;20;0
88;FALSE;FALSE;mmas;0;2.64;6.36;0.25;6;NA;NA;NA;NA;NA
89;FALSE;FALSE;mmas;1;2.33;8.24;0.68;36;NA;NA;NA;29;0
90;FALSE;FALSE;acs;3;4.83;3.24;0.18;84;0.07;NA;NA;6;1
91;FALSE;FALSE;acs;2;2.69;3.34;0.44;13;0.53;NA;NA;22;0
92;FALSE;FALSE;eas;1;2.33;2.45;0.75;41;NA;NA;186;9;1
93;FALSE;FALSE;ras;1;2.65;1.47;0.32;38;NA;47;NA;18;1
94;FALSE;FALSE;as;3;1.36;4;0.9;40;NA;NA;NA;12;1
95;FALSE;FALSE;ras;0;1.83;1.12;0.06;60;NA;6;NA;NA;NA
96;FALSE;FALSE;acs;3;3.04;8.15;0.59;19;0.82;NA;NA;48;1
97;FALSE;FALSE;acs;1;1.31;0.92;0.88;21;0.23;NA;NA;13;0
98;FALSE;FALSE;as;1;3.06;2.3;0.3;33;NA;NA;NA;12;1
99;TRUE;FALSE;acs;3;2.84;0.17;0.98;45;0.61;NA;NA;14;1
100;FALSE;FALSE;acs;3;1.96;2.75;0.05;55;0.91;NA;NA;40;0
101;FALSE;FALSE;acs;2;4.99;5.57;0.35;43;0.05;NA;NA;6;0
102;FALSE;FALSE;acs;3;2.34;1.66;0.51;79;0.89;NA;NA;24;1
103;FALSE;FALSE;eas;2;2.27;4.5;0.41;85;NA;NA;396;22;0
104;FALSE;FALSE;ras;3;3.05;2.21;0.98;42;NA;51;NA;27;0
105;FALSE;FALSE;eas;0;3.2;1.67;0.51;64;NA;NA;589;NA;NA
106;FALSE;FALSE;ras;3;2.25;1.31;0.34;65;NA;78;NA;15;1
107;FALSE;FALSE;acs;2;3.45;2.8;0.85;58;0.55;NA;NA;10;0
108;FALSE;FALSE;eas;0;1.15;1.43;0.65;53;NA;NA;579;NA;NA
109;FALSE;FALSE;acs;0;4.31;3.2;0.17;46;0.46;NA;NA;NA;NA
110;FALSE;FALSE;as;0;2.61;2.43;0.6;77;NA;NA;NA;NA;NA
111;FALSE;FALSE;mmas;0;2.61;6.07;0.59;22;NA;NA;NA;NA;NA
112;FALSE;FALSE;eas;3;2.32;5.31;0.39;36;NA;NA;672;25;1
113;FALSE;FALSE;acs;0;1.74;7.26;0.52;63;0.3;NA;NA;NA;NA
114;FALSE;FALSE;acs;1;0.43;4.5;0.32;53;0.35;NA;NA;37;0
115;FALSE;FALSE;eas;3;1.86;1.15;0.38;79;NA;NA;161;15;0
116;FALSE;FALSE;acs;2;0.44;1.85;0.72;95;0.49;NA;NA;19;1
117;FALSE;FALSE;acs;3;2.3;0.17;0.06;56;0.43;NA;NA;9;0
118;FALSE;FALSE;acs;2;4.92;0.67;0.33;65;0.63;NA;NA;21;1
119;TRUE;FALSE;acs;3;2;2.08;0.7;32;0.49;NA;NA;14;0
120;FALSE;FALSE;eas;3;1.87;5.26;0.49;39;NA;NA;673;9;0
121;FALSE;FALSE;as;3;1.56;1.13;0.67;31;NA;NA;NA;7;1
122;FALSE;FALSE;eas;1;2.99;2.93;0.72;20;NA;NA;393;23;0
123;FALSE;FALSE;eas;0;3.26;2.98;0.59;54;NA;NA;457;NA;NA
124;FALSE;FALSE;mmas;3;3.4;6.02;0.8;46;NA;NA;NA;50;1
125;FALSE;FALSE;eas;3;1.17;0.04;0.56;13;NA;NA;622;49;1
126;FALSE;FALSE;ras;2;1.99;3.61;0.17;21;NA;87;NA;34;1
127;FALSE;FALSE;mmas;2;2.39;3.1;0.7;92;NA;NA;NA;15;0
128;FALSE;FALSE;mmas;0;4.31;4.08;0.42;16;NA;NA;NA;NA;NA
129;FALSE;FALSE;ras;2;2.12;6.92;0.73;21;NA;25;NA;22;1
130;FALSE;FALSE;as;3;3.43;1.23;0.47;30;NA;NA;NA;24;0
131;FALSE;FALSE;eas;0;3;2.95;0.76;11;NA;NA;608;NA;NA
132;FALSE;FALSE;eas;3;3.47;3.58;0.32;51;NA;NA;63;47;0
133;FALSE;FALSE;acs;3;3.93;3.9;0.4;36;0.95;NA;NA;48;1
134;FALSE;FALSE;as;3;4.92;1.52;0.36;36;NA;NA;NA;13;0
135;FALSE;FALSE;eas;3;2.87;3.22;0.5;15;NA;NA;750;6;0
136;FALSE;FALSE;ras;1;1.2;0.9;0.79;71;NA;31;NA;15;0
137;FALSE;FALSE;as;0;3.76;8.39;0.56;34;NA;NA;NA;NA;NA
138;FALSE;FALSE;eas;3;1.12;2.52;0.82;10;NA;NA;124;40;1
139;FALSE;FALSE;as;3;4.07;3.45;0.57;29;NA;NA;NA;7;1
140;FALSE;FALSE;acs;3;0.91;8.7;0.67;29;0.27;NA;NA;49;0
141;FALSE;FALSE;acs;3;2.21;4.16;0.33;86;0.46;NA;NA;22;0
142;FALSE;FALSE;acs;2;2.22;1.07;0.18;5;0.69;NA;NA;17;0
143;FALSE;FALSE;ras;1;1.91;9.05;0.28;37;NA;93;NA;42;0
144;FALSE;FALSE;ras;3;0.94;3.67;0.08;76;NA;91;NA;42;0
145;FALSE;FALSE;mmas;1;3.54;3.5;0.98;55;NA;NA;NA;12;0
146;FALSE;FALSE;eas;0;2.02;7.79;0.48;75;NA;NA;461;NA;NA
147;FALSE;FALSE;ras;1;1.61;4.55;0.38;48;NA;50;NA;8;0
148;FALSE;FALSE;eas;0;3.56;1.8;0.54;29;NA;NA;659;NA;NA
149;FALSE;FALSE;ras;1;3.31;0.18;0.79;79;NA;83;NA;9;0
150;FALSE;FALSE;ras;0;1.62;1.79;0.56;55;NA;84;NA;NA;NA
151;FALSE;FALSE;as;3;3.23;1.04;0.78;9;NA;NA;NA;19;0
152;FALSE;FALSE;ras;3;4.7;3.12;0.2;95;NA;60;NA;27;1
153;FALSE;FALSE;mmas;3;2.89;2.28;0.64;71;NA;NA;NA;20;0
154;FALSE;FALSE;acs;0;4.75;5.01;0.79;76;0.95;NA;NA;NA;NA
155;FALSE;FALSE;mmas;1;1.68;3.67;0.51;43;NA;NA;NA;13;0
156;FALSE;FALSE;eas;3;3.38;2.97;0.62;27;NA;NA;458;24;0
157;FALSE;FALSE;as;0;1.26;1.45;0.97;52;NA;NA;NA;NA;NA
158;FALSE;FALSE;eas;2;4;2.95;0.39;7;NA;NA;386;15;1
159;FALSE;FALSE;acs;2;2.42;2.52;0.87;76;0.65;NA;NA;14;1
160;FALSE;FALSE;eas;1;4.71;1.18;0.69;66;NA;NA;744;48;0
161;FALSE;FALSE;as;2;1.57;5.51;0.39;8;NA;NA;NA;9;1
162;FALSE;FALSE;acs;2;3.32;7.44;0.49;30;0.45;NA;NA;5;0
163;FALSE;FALSE;ras;1;3.43;4.61;0.45;19;NA;40;NA;19;1
164;TRUE;FALSE;acs;3;2.78;2.32;0.47;29;0.34;NA;NA;36;0
165;FALSE;FALSE;as;1;0.61;3.16;0.83;98;NA;NA;NA;16;1
166;FALSE;FALSE;mmas;0;2.66;0.68;0.45;89;NA;NA;NA;NA;NA
167;FALSE;FALSE;acs;3;0.6;2.33;0.35;40;0.9;NA;NA;42;0
168;FALSE;FALSE;acs;2;2.12;2.6;0.47;31;0;NA;NA;5;1
169;FALSE;FALSE;as;3;2.3;3.83;0.59;86;NA;NA;NA;50;1
170;FALSE;FALSE;as;2;1.54;4.33;0.88;68;NA;NA;NA;20;0
171;TRUE;FALSE;acs;3;2.96;0.03;0.6;46;0.87;NA;NA;9;1
172;FALSE;FALSE;ras;2;4.42;3.86;0.42;13;NA;17;NA;6;0
173;FALSE;FALSE;acs;2;3.31;2.82;0.96;26;0.91;NA;NA;42;1
174;FALSE;FALSE;mmas;2;1.75;3.85;0.59;25;NA;NA;NA;45;0
175;FALSE;FALSE;eas;1;3.12;4.15;0.55;36;NA;NA;412;23;1
176;FALSE;FALSE;eas;3;3.88;9.68;0.61;92;NA;NA;298;11;1
177;FALSE;FALSE;eas;3;3.24;2.44;0.38;66;NA;NA;286;8;1
178;FALSE;FALSE;ras;3;4.44;1.49;0.64;64;NA;71;NA;22;1
179;FALSE;FALSE;acs;3;2.59;0.9;0.77;38;0.66;NA;NA;15;1
180;FALSE;FALSE;as;3;3.21;1.02;0.69;28;NA;NA;NA;10;0
181;FALSE;FALSE;acs;2;3.63;1.71;0.82;65;0.81;NA;NA;9;0
182;FALSE;FALSE;acs;3;2.47;3.33;0.56;93;0.29;NA;NA;20;1
183;FALSE;FALSE;acs;1;3.45;2.76;0.87;80;0.64;NA;NA;9;0
184;TRUE;FALSE;acs;3;2.14;3.05;0.54;44;0.41;NA;NA;21;1
185;FALSE;FALSE;eas;2;3.09;0.52;0.86;15;NA;NA;215;18;1
186;FALSE;FALSE;acs;3;3.67;1.04;0.72;66;0.58;NA;NA;6;0
187;FALSE;FALSE;as;3;0.31;0.63;0.77;5;NA;NA;NA;8;1
188;FALSE;FALSE;acs;2;4.7;0.65;0.11;47;0.65;NA;NA;9;0
189;FALSE;FALSE;mmas;3;3.64;0.44;0.66;45;NA;NA;NA;9;0
190;FALSE;FALSE;acs;2;4.4;2.07;0.69;21;0.8;NA;NA;10;1
191;FALSE;FALSE;as;3;1.66;2.36;0.81;43;NA;NA;NA;5;1
192;FALSE;FALSE;acs;0;0.77;2.27;0.38;78;0.67;NA;NA;NA;NA
193;FALSE;FALSE;acs;2;1.34;3.41;0.59;45;0.69;NA;NA;28;1
194;FALSE;FALSE;acs;3;3.36;2.1;0.98;38;0.49;NA;NA;13;0
195;FALSE;FALSE;mmas;2;4.23;0.2;0.88;38;NA;NA;NA;6;0
196;FALSE;FALSE;acs;1;2.76;1.92;0.76;31;0.27;NA;NA;14;0
197;TRUE;FALSE;acs;3;3.19;1.59;0.28;47;0.6;NA;NA;10;1
198;FALSE;FALSE;acs;0;3.06;0.47;0.6;17;0.58;NA;NA;NA;NA
199;FALSE;FALSE;acs;3;2.72;0.02;0.53;81;0.72;NA;NA;7;1
200;FALSE;FALSE;acs;3;0.56;2.15;0.95;47;0.38;NA;NA;10;0
201;FALSE;FALSE;as;3;4.03;1.92;0.34;35;NA;NA;NA;10;1
202;FALSE;FALSE;eas;3;3.2;0.05;0.57;46;NA;NA;63;7;1
203;FALSE;FALSE;acs;1;1.52;2.34;0.66;42;0.09;NA;NA;15;0
204;FALSE;FALSE;mmas;3;1.56;1.98;0.5;21;NA;NA;NA;22;0
205;FALSE;FALSE;acs;3;1.46;1.38;0.47;28;0.68;NA;NA;25;0
206;FALSE;FALSE;as;3;3.96;0.78;0.07;54;NA;NA;NA;18;0
207;FALSE;FALSE;as;1;3.77;0.1;0.59;38;NA;NA;NA;8;1
208;FALSE;FALSE;ras;3;1.43;2.65;0.66;6;NA;28;NA;6;0
209;FALSE;FALSE;acs;3;1.63;0.88;0.31;14;0.56;NA;NA;15;0
210;FALSE;FALSE;acs;2;1.56;0.22;0.66;28;0.63;NA;NA;6;0
211;FALSE;FALSE;as;2;2.24;1.02;0.73;52;NA;NA;NA;22;1
212;FALSE;FALSE;eas;1;4.21;3.54;0.78;61;NA;NA;707;14;0
213;FALSE;FALSE;acs;3;3.32;1.56;0.67;95;0.99;NA;NA;13;0
214;FALSE;FALSE;eas;3;3.86;1.65;0.15;44;NA;NA;649;48;0
215;FALSE;FALSE;acs;3;2.67;3.19;0.77;22;0.66;NA;NA;14;0
216;FALSE;FALSE;ras;1;2.48;1.23;0.91;6;NA;82;NA;29;0
217;FALSE;FALSE;acs;3;3.1;3.64;0.76;45;0.6;NA;NA;8;0
218;FALSE;FALSE;acs;3;3.09;3.38;0.71;11;0.28;NA;NA;7;1
219;FALSE;FALSE;acs;3;4.82;3.76;0.84;49;0.78;NA;NA;10;1
220;FALSE;FALSE;acs;0;1.62;2.71;0.39;53;0.34;NA;NA;NA;NA
221;FALSE;FALSE;ras;0;1.04;2.13;0.48;71;NA;20;NA;NA;NA
222;TRUE;FALSE;acs;3;2.71;0.07;0.42;31;0.47;NA;NA;12;1
223;FALSE;FALSE;acs;3;3.55;2.31;0.9;43;0.54;NA;NA;5;0
224;FALSE;FALSE;acs;1;3.27;1.94;0.15;30;0.52;NA;NA;48;0
225;FALSE;FALSE;ras;3;3.6;0.51;0.57;47;NA;100;NA;37;0
226;FALSE;FALSE;acs;0;3;3.95;0.56;13;0.64;NA;NA;NA;NA
227;FALSE;FALSE;acs;3;3.5;5.91;0.42;37;0.82;NA;NA;9;0
228;FALSE;FALSE;acs;3;2.91;0.5;0.85;23;0.56;NA;NA;16;0
229;TRUE;FALSE;acs;3;1.43;1.87;0.66;33;0.83;NA;NA;21;1
230;FALSE;FALSE;ras;3;2.59;0.34;0.58;71;NA;98;NA;9;1
231;FALSE;FALSE;mmas;3;0.78;2.02;0.79;36;NA;NA;NA;25;0
232;TRUE;FALSE;acs;3;2.37;1.2;0.52;45;0.33;NA;NA;6;0
233;FALSE;FALSE;acs;3;4.01;0.3;0.58;69;0.19;NA;NA;11;1
234;FALSE;FALSE;acs;0;1.15;3.23;0.6;28;0.23;NA;NA;NA;NA
235;FALSE;FALSE;acs;3;1.79;0.28;0.91;42;0.51;NA;NA;11;0
236;FALSE;FALSE;acs;1;2.41;1.95;0.92;46;0.58;NA;NA;27;1
237;FALSE;FALSE;acs;2;3.94;0.51;0.77;28;0.7;NA;NA;14;1
238;FALSE;FALSE;acs;3;2.75;0.47;0.52;70;0.38;NA;NA;35;0
239;FALSE;FALSE;as;3;1.2;3.55;0.17;38;NA;NA;NA;37;0
240;FALSE;FALSE;acs;2;1.74;3.01;0.38;37;0.88;NA;NA;21;1
241;FALSE;FALSE;acs;3;2.77;0.96;0.57;71;0.4;NA;NA;13;1
242;FALSE;FALSE;ras;0;2.85;0.64;0.44;46;NA;48;NA;NA;NA
243;FALSE;FALSE;acs;3;1.08;1.97;0.59;60;0.94;NA;NA;6;1
244;FALSE;FALSE;acs;2;1.49;4.18;0.48;79;0.76;NA;NA;5;0
245;FALSE;FALSE;ras;3;1.58;0.17;0.72;43;NA;80;NA;13;0
246;FALSE;FALSE;ras;2;1.92;0.34;0.56;31;NA;32;NA;7;1
247;FALSE;FALSE;ras;2;3.1;0.18;0.96;72;NA;58;NA;11;1
248;FALSE;FALSE;acs;3;1.7;1.33;0.46;70;0.52;NA;NA;22;0
249;FALSE;FALSE;acs;3;0.92;1.31;0.96;47;0.34;NA;NA;24;0
250;FALSE;FALSE;mmas;3;2.33;2.38;0.78;52;NA;NA;NA;9;0
251;FALSE;FALSE;mmas;3;2.23;2.85;0.78;90;NA;NA;NA;8;1
252;FALSE;FALSE;acs;2;4.15;3.08;0.88;90;0.79;NA;NA;39;1
253;FALSE;FALSE;acs;3;2.17;1.79;0.66;49;0.69;NA;NA;19;0
254;FALSE;FALSE;acs;0;4.2;3.71;0.64;25;0.52;NA;NA;NA;NA
255;FALSE;FALSE;acs;3;2.9;1.56;0.91;20;0.98;NA;NA;11;0
256;FALSE;FALSE;eas;3;3.91;1.35;0.83;68;NA;NA;15;15;0
257;FALSE;FALSE;eas;2;2.76;1.79;0.81;12;NA;NA;565;33;0
258;FALSE;FALSE;mmas;3;3.71;0.32;0.86;27;NA;NA;NA;17;0
259;FALSE;FALSE;acs;2;2.38;4.31;0.53;44;0.39;NA;NA;15;1
260;FALSE;FALSE;acs;3;3.33;0.9;0.61;34;0.92;NA;NA;10;1
261;FALSE;FALSE;acs;2;0.96;0.46;0.55;15;0.78;NA;NA;9;0
262;FALSE;FALSE;acs;3;1.72;4.42;0.57;18;0.57;NA;NA;5;0
263;FALSE;FALSE;as;3;2.12;2.34;0.26;53;NA;NA;NA;17;0
264;FALSE;FALSE;acs;3;2.87;2.03;0.21;42;0.61;NA;NA;16;1
265;TRUE;FALSE;acs;3;2.81;2.78;0.26;54;0.61;NA;NA;15;1
266;FALSE;FALSE;acs;3;4.74;0.36;0.18;81;0.64;NA;NA;21;1
267;FALSE;FALSE;acs;3;2.19;2.39;0.7;43;0.4;NA;NA;46;1
268;FALSE;FALSE;acs;1;4.03;1.03;0.37;53;0.51;NA;NA;11;1
269;FALSE;FALSE;ras;3;2.25;4.15;0.85;38;NA;88;NA;13;1
270;FALSE;FALSE;acs;3;3.56;3.86;0.17;52;0.79;NA;NA;21;0
271;FALSE;FALSE;acs;3;3.05;3.74;0.63;25;0.52;NA;NA;7;0
272;FALSE;FALSE;acs;1;1.78;1.82;0.33;55;0.47;NA;NA;18;1
273;FALSE;FALSE;acs;3;2.7;3.41;0.33;63;0.42;NA;NA;28;0
274;FALSE;FALSE;acs;3;3.71;0.08;0.41;21;0.36;NA;NA;7;1
275;FALSE;FALSE;acs;3;1.36;1.89;0.5;13;0.55;NA;NA;16;1
276;TRUE;FALSE;acs;3;3.18;3.3;0.27;57;0.49;NA;NA;11;1
277;FALSE;FALSE;acs;1;2.17;1.3;0.14;11;0.51;NA;NA;7;1
278;FALSE;FALSE;acs;1;3.73;2.53;0.3;61;0.55;NA;NA;5;1
279;FALSE;FALSE;acs;3;1.98;0.52;0.39;46;0.55;NA;NA;26;0
280;FALSE;FALSE;acs;3;2.21;3.01;0.51;15;0.31;NA;NA;14;1
281;FALSE;FALSE;acs;1;3.25;4.72;0.21;36;0.62;NA;NA;7;1
282;FALSE;FALSE;acs;3;4.1;2.16;0.4;11;0.94;NA;NA;12;0
283;FALSE;FALSE;acs;0;1.46;2.95;0.83;31;0.89;NA;NA;NA;NA
284;TRUE;FALSE;acs;3;3.24;3.1;0.31;63;0.69;NA;NA;7;1
285;FALSE;FALSE;acs;3;2.55;1.31;0.37;62;0.4;NA;NA;11;1
286;FALSE;FALSE;acs;3;0.72;4.93;0.35;34;0.19;NA;NA;24;1
287;FALSE;FALSE;acs;3;3.35;1.79;0.35;40;0.95;NA;NA;8;0
288;FALSE;FALSE;acs;3;3.15;5.31;0.47;45;0.43;NA;NA;23;1
289;FALSE;FALSE;ras;3;3.01;1.65;0.32;39;NA;26;NA;8;1
290;FALSE;FALSE;acs;3;1.23;4.78;0.61;59;0.53;NA;NA;7;1
291;FALSE;FALSE;acs;0;2.62;0.23;0.47;40;0.32;NA;NA;NA;NA
292;FALSE;FALSE;acs;1;3.52;1.37;0.32;38;0.73;NA;NA;10;1
293;FALSE;FALSE;acs;3;3.53;1.25;0.14;52;0.88;NA;NA;9;1
294;FALSE;FALSE;mmas;3;1.73;0.7;0.58;22;NA;NA;NA;8;1
295;FALSE;FALSE;acs;3;1.59;4.84;0.49;38;0.4;NA;NA;26;1
296;FALSE;FALSE;acs;3;2.62;1.74;0.03;48;0.57;NA;NA;8;1
297;FALSE;FALSE;acs;3;2.03;0.31;0.77;20;0.87;NA;NA;14;0
298;FALSE;FALSE;ras;3;2.4;0.03;0.33;32;NA;33;NA;17;1
299;FALSE;FALSE;acs;0;2.38;1.64;0.42;32;0.54;NA;NA;NA;NA
300;FALSE;FALSE;ras;3;1.37;3.47;0.68;64;NA;18;NA;19;1
301;FALSE;FALSE;as;3;1.38;3.94;0.41;53;NA;NA;NA;33;1
302;FALSE;FALSE;acs;3;2.92;0.26;0.4;36;0.51;NA;NA;10;0
303;FALSE;FALSE;acs;3;3.75;0.94;0.24;39;0.49;NA;NA;12;0
304;FALSE;FALSE;acs;3;0.65;1.86;0.69;34;0.74;NA;NA;19;1
305;FALSE;FALSE;eas;1;2.44;1.64;0.67;40;NA;NA;289;15;0
306;FALSE;FALSE;acs;2;1.51;2.14;0.49;12;0.64;NA;NA;7;1
307;FALSE;FALSE;acs;3;2;0.34;0.37;35;0.41;NA;NA;17;1
308;FALSE;FALSE;acs;3;2.6;2.9;0.5;41;0.51;NA;NA;6;0
309;FALSE;FALSE;as;3;2.58;1.86;0.22;58;NA;NA;NA;14;1
310;FALSE;FALSE;acs;3;0.71;2.88;0.8;39;0.65;NA;NA;22;1
311;FALSE;FALSE;acs;3;3.49;3.24;0.16;84;0.4;NA;NA;11;0
312;TRUE;FALSE;acs;3;2.28;1.12;0.39;41;0.44;NA;NA;12;1
313;FALSE;FALSE;acs;3;1.9;1.87;0.57;48;0.61;NA;NA;21;1
314;FALSE;FALSE;acs;3;3.31;1.4;0.44;27;0.42;NA;NA;13;1
315;FALSE;FALSE;acs;3;3.17;1.01;0.45;20;0.53;NA;NA;9;1
316;FALSE;FALSE;acs;3;2.7;1.99;0.66;9;0.41;NA;NA;11;0
317;FALSE;FALSE;acs;0;2.03;4.43;0.38;33;0.35;NA;NA;NA;NA
318;FALSE;FALSE;acs;3;3.48;2.56;0.06;50;0.44;NA;NA;14;1
319;FALSE;FALSE;acs;1;2.03;1.44;0.34;34;0.65;NA;NA;7;1
320;FALSE;FALSE;acs;2;1.25;4.63;0.67;52;0.29;NA;NA;17;1
321;FALSE;FALSE;acs;3;2.7;0.25;0.37;59;0.69;NA;NA;17;1
322;FALSE;FALSE;acs;3;2.24;0.98;0.47;34;0.44;NA;NA;7;1
323;FALSE;FALSE;as;2;3.35;1.38;0.27;48;NA;NA;NA;18;0
324;FALSE;FALSE;acs;3;2.77;2.5;0.28;52;0.44;NA;NA;9;1
325;FALSE;FALSE;eas;3;2.99;3.09;0.57;47;NA;NA;328;21;0
326;FALSE;FALSE;acs;3;2.33;3.04;0.58;43;0.52;NA;NA;33;1
327;FALSE;FALSE;acs;3;2.46;1.2;0.54;33;0.34;NA;NA;12;1
328;TRUE;FALSE;acs;3;3.02;1.46;0.29;14;0.4;NA;NA;23;1
329;FALSE;FALSE;acs;3;3.22;0.64;0.33;23;0.54;NA;NA;11;1
330;FALSE;FALSE;acs;3;2.84;1.7;0.45;55;0.52;NA;NA;25;1
331;FALSE;FALSE;acs;3;1.89;1.22;0.28;82;0.83;NA;NA;5;1
332;FALSE;FALSE;acs;3;2.75;1.77;0.4;68;0.38;NA;NA;16;0
333;FALSE;FALSE;acs;3;3.27;2.6;0.37;36;0.71;NA;NA;8;1
334;FALSE;FALSE;acs;0;2.61;3.17;0.53;47;0.33;NA;NA;NA;NA
335;FALSE;FALSE;mmas;3;2.9;0.46;0.41;9;NA;NA;NA;19;1
336;FALSE;FALSE;acs;3;0.64;2.24;0.53;42;0.83;NA;NA;34;1
337;FALSE;FALSE;acs;3;3.14;2.5;0.54;40;0.62;NA;NA;17;0
338;FALSE;FALSE;acs;3;4.15;1.26;0.35;56;0.44;NA;NA;21;1
339;FALSE;FALSE;acs;1;2.58;2.7;0.2;36;0.77;NA;NA;13;1
340;FALSE;FALSE;mmas;3;2.7;3.42;0.55;42;NA;NA;NA;20;1
341;FALSE;FALSE;acs;3;3.72;2.78;0.3;56;0.79;NA;NA;9;0
342;FALSE;FALSE;acs;3;4.37;0.23;0.57;46;0.34;NA;NA;16;1
343;FALSE;FALSE;ras;3;1.82;2.38;0.21;40;NA;24;NA;6;1
344;FALSE;FALSE;acs;2;2.83;0.1;0.31;34;0.53;NA;NA;10;1
345;FALSE;FALSE;eas;3;2.77;2.15;0.43;41;NA;NA;400;18;1
346;FALSE;FALSE;ras;3;1.86;1.45;0.29;41;NA;18;NA;23;1
347;FALSE;FALSE;acs;3;2.2;0.51;0.4;37;0.48;NA;NA;9;1
348;FALSE;FALSE;acs;3;2.99;2.62;0.35;69;0.77;NA;NA;12;1
349;FALSE;FALSE;acs;3;2.74;1.06;0.42;37;0.43;NA;NA;14;1
350;FALSE;FALSE;acs;3;3.1;2.36;0.33;49;0.7;NA;NA;16;1
351;FALSE;FALSE;acs;3;2.9;1.28;0.45;28;0.47;NA;NA;16;1
352;FALSE;FALSE;eas;3;3.3;4.12;0.27;59;NA;NA;734;19;1
353;TRUE;FALSE;acs;3;2.7;3.07;0.26;54;0.54;NA;NA;11;1
354;FALSE;FALSE;acs;3;1.97;2.18;0.17;71;0.49;NA;NA;20;1
355;FALSE;FALSE;acs;3;4.19;1.13;0.28;12;0.54;NA;NA;25;1
356;FALSE;FALSE;acs;3;2.52;3.31;0.3;58;0.55;NA;NA;19;1
357;FALSE;FALSE;acs;3;4.06;4.19;0.25;52;0.35;NA;NA;10;1
358;FALSE;FALSE;acs;3;3.81;1.83;0.22;59;0.73;NA;NA;9;1
359;FALSE;FALSE;eas;3;3.63;2.56;0.34;68;NA;NA;483;12;1
360;FALSE;FALSE;acs;3;2.63;3.37;0.24;65;0.64;NA;NA;10;1
361;FALSE;FALSE;acs;3;2.53;1.93;0.19;52;0.62;NA;NA;23;1
362;FALSE;FALSE;acs;3;2.59;3.53;0.19;63;0.45;NA;NA;9;1
363;FALSE;FALSE;acs;3;2.77;2.23;0.25;36;0.56;NA;NA;11;1
364;FALSE;FALSE;acs;3;2.46;0.82;0.54;33;0.45;NA;NA;15;1
365;FALSE;FALSE;acs;3;2.54;1.46;0.49;58;0.39;NA;NA;8;0
366;FALSE;FALSE;acs;3;3.53;4.32;0.27;78;0.64;NA;NA;13;1
367;FALSE;FALSE;acs;3;2.68;2.99;0.14;22;0.47;NA;NA;23;1
368;FALSE;FALSE;acs;3;2.46;0.97;0.31;27;0.4;NA;NA;22;1
369;FALSE;FALSE;acs;3;2.7;2.98;0.24;60;0.69;NA;NA;18;1
370;FALSE;FALSE;acs;3;2.73;4.21;0.3;58;0.75;NA;NA;6;1
371;FALSE;FALSE;acs;3;3.35;3.92;0.33;52;0.55;NA;NA;16;1
372;FALSE;FALSE;acs;3;3.06;3.4;0.41;66;0.67;NA;NA;7;1
373;FALSE;FALSE;acs;3;3.3;3.71;0.27;68;0.69;NA;NA;9;0
374;FALSE;FALSE;acs;3;3.34;4.81;0.43;40;0.47;NA;NA;21;1
375;FALSE;FALSE;acs;3;4.06;3.18;0.28;54;0.7;NA;NA;8;1
376;FALSE;FALSE;acs;3;3.1;3.21;0.27;48;0.5;NA;NA;8;1
377;FALSE;FALSE;acs;3;2.86;3.69;0.29;63;0.56;NA;NA;8;1
378;FALSE;FALSE;acs;3;3.89;2.27;0.38;59;0.46;NA;NA;10;1
379;FALSE;FALSE;acs;3;4.31;2.58;0.17;54;0.56;NA;NA;6;1
380;FALSE;FALSE;acs;3;2.11;1.84;0.45;29;0.54;NA;NA;14;1
381;FALSE;FALSE;acs;3;2.78;1;0.38;53;0.74;NA;NA;8;1
382;FALSE;FALSE;acs;3;3.39;2.15;0.27;26;0.55;NA;NA;12;1
383;FALSE;FALSE;acs;3;3.12;2.53;0.2;31;0.66;NA;NA;18;1
384;FALSE;FALSE;acs;3;3.25;0.61;0.33;20;0.47;NA;NA;13;1
385;FALSE;FALSE;acs;3;2.56;0.42;0.29;29;0.46;NA;NA;28;1
386;FALSE;FALSE;acs;3;3.23;0.46;0.24;24;0.47;NA;NA;25;1
387;FALSE;FALSE;acs;3;2.73;1.03;0.35;33;0.49;NA;NA;6;1
388;FALSE;FALSE;acs;3;2.92;4.04;0.03;52;0.53;NA;NA;16;1
389;FALSE;FALSE;acs;3;3;1.84;0.27;57;0.75;NA;NA;18;1
390;FALSE;FALSE;acs;3;1.97;3.73;0.27;46;0.49;NA;NA;19;1
391;FALSE;FALSE;acs;3;3.11;2.66;0.33;40;0.47;NA;NA;19;1
392;FALSE;FALSE;acs;3;2.92;2.5;0.24;60;0.66;NA;NA;13;1
393;FALSE;FALSE;acs;3;3.19;2.07;0.38;37;0.42;NA;NA;15;1
394;FALSE;FALSE;acs;3;2.57;3.32;0.3;58;0.84;NA;NA;6;0
395;FALSE;FALSE;acs;3;3.69;1.58;0.06;39;0.45;NA;NA;8;1
396;FALSE;FALSE;acs;3;2.42;1.78;0.23;40;0.51;NA;NA;10;1
397;FALSE;FALSE;acs;3;1.7;0.83;0.32;48;0.23;NA;NA;16;1
398;FALSE;FALSE;acs;1;3.37;3.1;0.16;57;0.61;NA;NA;11;1
399;FALSE;FALSE;acs;3;3.16;1.9;0.21;9;0.28;NA;NA;26;1
400;FALSE;FALSE;acs;3;3.73;2.65;0.42;67;0.46;NA;NA;5;1
401;FALSE;FALSE;acs;3;2.82;3.59;0.3;46;0.65;NA;NA;22;1
402;FALSE;FALSE;acs;3;3.64;3.44;0.38;44;0.5;NA;NA;19;1
403;FALSE;FALSE;acs;3;1.99;0.44;0.44;44;0.29;NA;NA;8;1
404;FALSE;FALSE;acs;3;2.01;2.08;0.39;46;0.43;NA;NA;16;1
405;FALSE;FALSE;acs;3;2.8;2.53;0.17;73;0.84;NA;NA;7;1
406;FALSE;FALSE;acs;3;2.48;2.91;0.29;69;0.6;NA;NA;14;1
407;FALSE;FALSE;acs;3;2.46;2.69;0.27;53;0.58;NA;NA;9;1
408;FALSE;FALSE;acs;3;4.05;2.15;0.18;65;0.8;NA;NA;13;1
409;TRUE;FALSE;acs;3;2.97;0.96;0.44;55;0.46;NA;NA;11;1
410;FALSE;FALSE;acs;3;2.68;3.59;0.19;59;0.34;NA;NA;9;1
411;FALSE;FALSE;acs;3;3.52;4.46;0.2;69;0.42;NA;NA;11;1
412;FALSE;FALSE;acs;3;2.03;1.89;0.33;20;0.47;NA;NA;16;1
413;FALSE;FALSE;acs;3;2.8;1.54;0.41;38;0.49;NA;NA;5;1
414;FALSE;FALSE;acs;3;2.22;0.03;0.44;31;0.43;NA;NA;11;1
415;TRUE;FALSE;acs;3;3.59;3.68;0.26;57;0.57;NA;NA;10;1
416;FALSE;FALSE;acs;3;2.54;3.36;0.39;65;0.6;NA;NA;13;1
417;FALSE;FALSE;acs;3;3.01;3.69;0.39;61;0.74;NA;NA;5;1
418;FALSE;FALSE;acs;3;1.73;1.71;0.36;44;0.32;NA;NA;15;1
419;FALSE;FALSE;acs;3;2.9;2.14;0.32;58;0.43;NA;NA;11;1
420;TRUE;FALSE;acs;3;2.44;0.26;0.51;46;0.3;NA;NA;12;1
421;FALSE;FALSE;acs;3;2.29;1.56;0.41;40;0.38;NA;NA;9;1
422;FALSE;FALSE;acs;3;2.82;2.88;0.34;32;0.74;NA;NA;9;1
423;FALSE;FALSE;acs;3;3.9;2.39;0.31;52;0.82;NA;NA;6;1
424;FALSE;FALSE;acs;3;2.14;4.19;0.41;52;0.57;NA;NA;13;1
425;FALSE;FALSE;acs;3;2.1;0.79;0.43;40;0.37;NA;NA;9;0
426;FALSE;FALSE;acs;0;1.48;1.02;0.41;37;0.72;NA;NA;NA;NA
427;FALSE;FALSE;acs;3;2.86;0.16;0.35;47;0.53;NA;NA;7;1
428;FALSE;FALSE;acs;3;2.83;1.26;0.11;25;0.38;NA;NA;19;0
429;FALSE;FALSE;acs;3;2.55;0.53;0.45;25;0.3;NA;NA;8;1
430;FALSE;FALSE;acs;3;2.04;2.4;0.3;49;0.46;NA;NA;10;1
431;FALSE;FALSE;eas;3;2.54;2.35;0.39;51;NA;NA;749;12;1
432;FALSE;FALSE;acs;3;3.19;0.46;0.39;68;0.39;NA;NA;15;1
433;FALSE;FALSE;acs;3;3.52;3.31;0.24;70;0.5;NA;NA;12;1
434;FALSE;FALSE;acs;3;3.12;3.34;0.12;66;0.5;NA;NA;10;1
435;FALSE;FALSE;acs;3;2.65;1.08;0.55;46;0.21;NA;NA;13;1
436;FALSE;FALSE;acs;3;2.69;0.97;0.51;49;0.23;NA;NA;16;1
437;FALSE;FALSE;acs;3;3.05;2.11;0.5;56;0.58;NA;NA;7;1
438;FALSE;FALSE;acs;3;2.1;0.8;0.52;38;0.25;NA;NA;12;1
439;FALSE;FALSE;acs;3;2.54;1.48;0.55;59;0.31;NA;NA;11;1
440;FALSE;FALSE;acs;3;2.49;1.58;0.52;37;0.25;NA;NA;11;1
441;FALSE;FALSE;acs;3;2.48;0.69;0.54;44;0.22;NA;NA;16;1
442;FALSE;FALSE;acs;3;2.05;0.25;0.48;46;0.27;NA;NA;15;1
443;FALSE;FALSE;acs;3;3.48;3.71;0.3;64;0.47;NA;NA;11;1
444;FALSE;FALSE;acs;3;3.07;0.87;0.6;51;0.4;NA;NA;16;1
445;FALSE;FALSE;acs;3;3.19;1.31;0.39;52;0.44;NA;NA;11;1
446;FALSE;FALSE;acs;3;3.56;3.98;0.17;53;0.46;NA;NA;16;1
447;FALSE;FALSE;acs;3;2.39;0.08;0.57;45;0.31;NA;NA;13;1
448;FALSE;FALSE;acs;3;2.57;0.82;0.57;30;0.28;NA;NA;12;1
449;TRUE;FALSE;acs;3;3.71;3.69;0.24;57;0.49;NA;NA;13;1
450;FALSE;FALSE;acs;3;2.73;0.39;0.44;61;0.41;NA;NA;10;1
451;FALSE;FALSE;acs;3;3.93;3.78;0.37;55;0.69;NA;NA;10;1
452;FALSE;FALSE;acs;3;2.61;0.51;0.47;50;0.18;NA;NA;15;1
453;FALSE;FALSE;acs;3;1.92;0.23;0.48;45;0.3;NA;NA;12;1
454;FALSE;FALSE;acs;3;3.27;0.44;0.54;51;0.29;NA;NA;12;1
455;FALSE;FALSE;acs;3;3.34;3.62;0.4;60;0.56;NA;NA;8;1
456;FALSE;FALSE;acs;3;2.65;0.51;0.48;62;0.38;NA;NA;14;1
457;TRUE;FALSE;acs;3;3.64;3.89;0.25;56;0.53;NA;NA;16;1
458;FALSE;FALSE;acs;3;2.54;0.46;0.56;41;0.2;NA;NA;16;1
459;FALSE;FALSE;acs;3;3.16;1.6;0.31;57;0.43;NA;NA;9;1
460;FALSE;FALSE;acs;3;2.97;2.69;0.38;49;0.41;NA;NA;15;1
461;FALSE;FALSE;acs;3;2.4;1.21;0.49;43;0.29;NA;NA;16;1
462;FALSE;FALSE;acs;3;3.64;0.7;0.47;61;0.47;NA;NA;11;1
463;FALSE;FALSE;acs;3;2.06;0.19;0.52;45;0.18;NA;NA;17;1
464;FALSE;FALSE;acs;3;3.06;3.33;0.15;50;0.72;NA;NA;6;1
465;FALSE;FALSE;acs;3;3.23;2.91;0.33;62;0.29;NA;NA;7;1
466;FALSE;FALSE;acs;3;3.77;4.57;0.36;71;0.56;NA;NA;10;1
467;FALSE;FALSE;acs;3;2.05;0.79;0.55;52;0.3;NA;NA;14;1
468;FALSE;FALSE;acs;3;3.61;3.6;0.26;58;0.53;NA;NA;8;1
469;FALSE;FALSE;acs;3;3.81;3.82;0.15;58;0.43;NA;NA;7;1
470;FALSE;FALSE;acs;3;3.17;3.46;0.12;46;0.57;NA;NA;6;1
471;FALSE;FALSE;acs;3;3.06;0.76;0.45;50;0.29;NA;NA;13;1
472;FALSE;FALSE;acs;3;1.94;0.69;0.52;41;0.3;NA;NA;14;1
473;FALSE;FALSE;acs;3;2.79;0.37;0.48;49;0.49;NA;NA;7;1
474;FALSE;FALSE;acs;3;3.21;1.3;0.49;61;0.54;NA;NA;6;1
475;FALSE;FALSE;acs;3;3.1;0.18;0.42;56;0.41;NA;NA;10;1
476;FALSE;FALSE;acs;3;2.93;0.83;0.56;44;0.39;NA;NA;14;1
477;FALSE;FALSE;acs;3;3.87;4.53;0.13;66;0.65;NA;NA;9;1
478;FALSE;FALSE;acs;3;2.38;0.34;0.53;39;0.31;NA;NA;8;1
479;FALSE;FALSE;acs;3;2.86;0.26;0.52;50;0.41;NA;NA;7;1
480;FALSE;FALSE;acs;3;2.75;0.62;0.52;51;0.16;NA;NA;11;1
481;FALSE;FALSE;acs;3;2.54;0.83;0.56;45;0.33;NA;NA;11;1
482;FALSE;FALSE;acs;3;3.73;3.35;0.25;58;0.52;NA;NA;11;1
483;FALSE;FALSE;acs;3;3.23;3.12;0.24;47;0.51;NA;NA;16;1
484;FALSE;FALSE;acs;3;3.58;3;0.32;63;0.67;NA;NA;7;1
485;FALSE;FALSE;acs;3;2.4;0.57;0.57;44;0.32;NA;NA;21;1
486;FALSE;FALSE;acs;3;2.78;0.3;0.5;51;0.24;NA;NA;18;1
487;FALSE;FALSE;acs;3;1.92;0.05;0.59;38;0.33;NA;NA;8;1
488;FALSE;FALSE;acs;3;2.35;0.48;0.51;42;0.29;NA;NA;11;1
489;FALSE;FALSE;acs;3;3.79;2.86;0.34;58;0.55;NA;NA;14;1
490;FALSE;FALSE;acs;3;2.42;0.74;0.48;59;0.29;NA;NA;16;1
491;FALSE;FALSE;acs;3;2.77;2.46;0.32;55;0.62;NA;NA;8;1
492;FALSE;FALSE;acs;3;2.89;0.22;0.5;43;0.25;NA;NA;10;1
493;FALSE;FALSE;acs;3;4;4.51;0.28;58;0.59;NA;NA;15;1
494;FALSE;FALSE;acs;3;3.27;3.4;0.17;57;0.56;NA;NA;8;1
495;FALSE;FALSE;acs;3;2.2;1.55;0.52;50;0.14;NA;NA;14;1
496;FALSE;FALSE;acs;3;3.25;3.48;0.22;47;0.55;NA;NA;7;1
497;FALSE;FALSE;acs;3;2.95;0.28;0.48;58;0.51;NA;NA;9;1
498;FALSE;FALSE;acs;3;2.84;3.19;0.4;66;0.46;NA;NA;10;1
499;FALSE;FALSE;acs;3;3.05;0.98;0.44;57;0.45;NA;NA;12;1
500;FALSE;FALSE;acs;3;3.02;1.53;0.51;60;0.56;NA;NA;12;1
501;FALSE;FALSE;acs;3;2.28;0.36;0.51;39;0.31;NA;NA;14;1
502;FALSE;FALSE;acs;3;2.74;0.61;0.45;57;0.32;NA;NA;11;0
503;FALSE;FALSE;acs;3;2.69;0.71;0.54;49;0.31;NA;NA;7;1
504;FALSE;FALSE;acs;3;3.13;0.72;0.53;62;0.65;NA;NA;9;1
505;FALSE;FALSE;acs;3;1.94;0.02;0.47;44;0.16;NA;NA;14;1
506;FALSE;FALSE;acs;3;1.93;0.41;0.56;44;0.29;NA;NA;13;1
507;FALSE;FALSE;acs;3;2.97;4.28;0.21;40;0.49;NA;NA;7;1
508;FALSE;FALSE;acs;3;2.84;2.99;0.11;52;0.45;NA;NA;10;1
509;FALSE;FALSE;acs;3;3.09;3.06;0.25;59;0.57;NA;NA;12;1
510;FALSE;FALSE;acs;3;2.73;0.47;0.47;48;0.25;NA;NA;14;1
511;FALSE;FALSE;acs;3;3.3;3.87;0.2;49;0.44;NA;NA;5;1
512;FALSE;FALSE;acs;3;3.26;2.45;0.19;39;0.5;NA;NA;14;1
513;FALSE;FALSE;acs;3;3.27;0.76;0.4;55;0.62;NA;NA;6;1
514;FALSE;FALSE;acs;3;2.93;3.27;0.25;54;0.42;NA;NA;11;1
515;FALSE;FALSE;acs;3;2.57;3.45;0.16;70;0.52;NA;NA;5;1
516;FALSE;FALSE;acs;3;3.26;4.6;0.3;63;0.49;NA;NA;16;1
517;FALSE;FALSE;acs;3;3.62;3.79;0.32;51;0.56;NA;NA;13;1
518;FALSE;FALSE;acs;3;3.88;3.74;0.24;57;0.51;NA;NA;13;1
519;FALSE;FALSE;acs;3;3.78;3.97;0.21;49;0.57;NA;NA;12;1
520;FALSE;FALSE;acs;3;3.58;3.73;0.22;60;0.46;NA;NA;15;1
521;FALSE;FALSE;acs;3;3.04;2.45;0.28;53;0.6;NA;NA;13;1
522;FALSE;FALSE;acs;3;3.81;2.97;0.18;63;0.52;NA;NA;18;1
523;FALSE;FALSE;acs;3;3.36;2.96;0.28;62;0.58;NA;NA;13;1
524;FALSE;FALSE;acs;3;3.48;3.63;0.32;59;0.49;NA;NA;10;1
525;FALSE;FALSE;acs;3;3.34;2.88;0.34;62;0.6;NA;NA;12;1
526;FALSE;FALSE;acs;3;3.93;3.74;0.16;50;0.55;NA;NA;10;1
527;FALSE;FALSE;acs;3;3.8;4.17;0.24;49;0.48;NA;NA;13;1
528;FALSE;FALSE;acs;3;3.96;4.11;0.26;63;0.48;NA;NA;17;1
529;FALSE;FALSE;acs;3;3.37;4.7;0.24;53;0.53;NA;NA;15;1
530;FALSE;FALSE;acs;3;3.43;3.51;0.22;52;0.6;NA;NA;14;1
531;FALSE;FALSE;acs;3;3.71;3.71;0.21;61;0.49;NA;NA;16;1
532;FALSE;FALSE;acs;3;3.67;2.97;0.2;63;0.51;NA;NA;10;1
533;FALSE;FALSE;acs;3;3.68;3.68;0.27;54;0.55;NA;NA;9;1
534;FALSE;FALSE;acs;3;3.44;4.55;0.25;57;0.49;NA;NA;10;1
535;FALSE;FALSE;acs;3;3.67;3.64;0.28;55;0.52;NA;NA;13;1
536;FALSE;FALSE;acs;3;3.39;3.13;0.26;54;0.54;NA;NA;17;1
537;FALSE;FALSE;acs;3;3.8;3.56;0.31;56;0.5;NA;NA;15;1
538;FALSE;FALSE;acs;3;3.8;3.51;0.25;57;0.52;NA;NA;14;1
539;FALSE;FALSE;acs;3;3.73;3.99;0.25;50;0.51;NA;NA;18;0
540;FALSE;FALSE;acs;3;3.12;3.85;0.25;64;0.57;NA;NA;10;1
541;FALSE;FALSE;acs;3;3.79;4.34;0.24;60;0.6;NA;NA;5;1
542;FALSE;FALSE;acs;3;3.66;3.58;0.24;63;0.48;NA;NA;12;1
543;FALSE;FALSE;acs;3;3.65;3.33;0.25;61;0.44;NA;NA;8;1
544;FALSE;FALSE;acs;3;3.4;4.36;0.34;52;0.49;NA;NA;12;1
545;FALSE;FALSE;acs;3;3.38;3.56;0.29;55;0.49;NA;NA;11;1
546;FALSE;FALSE;acs;3;3.38;4.17;0.2;57;0.51;NA;NA;17;1
547;FALSE;FALSE;acs;3;3.34;3.44;0.2;54;0.52;NA;NA;17;1
548;FALSE;FALSE;acs;3;3.48;4.78;0.31;55;0.45;NA;NA;16;1
549;FALSE;FALSE;acs;3;3.76;3.98;0.24;59;0.49;NA;NA;13;1
550;FALSE;FALSE;acs;3;3.43;3.16;0.26;52;0.48;NA;NA;12;1
551;FALSE;FALSE;acs;3;3.58;3.62;0.24;65;0.43;NA;NA;11;1
552;FALSE;FALSE;acs;3;3.37;3.87;0.2;52;0.51;NA;NA;14;1
553;FALSE;FALSE;acs;3;3.86;4.05;0.3;48;0.53;NA;NA;15;1
554;FALSE;FALSE;acs;3;3.07;3.77;0.27;55;0.54;NA;NA;14;1
555;FALSE;FALSE;acs;3;3.36;2.7;0.12;60;0.58;NA;NA;9;1
556;FALSE;FALSE;acs;3;3.73;3.23;0.26;58;0.47;NA;NA;13;1
557;FALSE;FALSE;acs;3;3.23;3.66;0.2;64;0.56;NA;NA;13;1
558;FALSE;FALSE;acs;3;3.61;3.33;0.25;62;0.53;NA;NA;12;1
559;FALSE;FALSE;acs;3;3.58;3.8;0.26;59;0.51;NA;NA;10;1
560;FALSE;FALSE;acs;3;3.95;3.38;0.31;52;0.54;NA;NA;16;1
561;FALSE;FALSE;acs;3;3.69;4.58;0.26;66;0.6;NA;NA;9;1
562;FALSE;FALSE;acs;3;2.79;0.43;0.52;45;0.34;NA;NA;13;1
563;FALSE;FALSE;acs;3;3.66;3.24;0.21;58;0.48;NA;NA;12;1
564;FALSE;FALSE;acs;3;3.96;3.51;0.14;59;0.46;NA;NA;10;1
565;FALSE;FALSE;acs;3;3.75;4.13;0.3;62;0.58;NA;NA;19;1
566;FALSE;FALSE;acs;3;3.53;4.56;0.22;58;0.51;NA;NA;20;1
567;FALSE;FALSE;acs;3;3.79;3.91;0.25;59;0.51;NA;NA;16;1
568;FALSE;FALSE;acs;3;3.83;3.77;0.18;52;0.49;NA;NA;14;1
569;FALSE;FALSE;acs;3;3.76;3.07;0.29;59;0.53;NA;NA;8;1
570;FALSE;FALSE;acs;3;2.17;0.46;0.52;49;0.24;NA;NA;16;1
571;FALSE;FALSE;acs;3;3.2;3.82;0.25;60;0.61;NA;NA;10;1
572;FALSE;FALSE;acs;3;3.62;3.33;0.34;55;0.45;NA;NA;14;1
573;FALSE;FALSE;acs;3;2.25;1.37;0.53;50;0.26;NA;NA;12;1
574;FALSE;FALSE;acs;3;3.53;4.17;0.23;56;0.57;NA;NA;12;1
575;FALSE;FALSE;acs;3;3.74;3.34;0.32;56;0.44;NA;NA;15;1
576;FALSE;FALSE;acs;3;3.92;3.68;0.28;66;0.59;NA;NA;17;1
577;FALSE;FALSE;acs;3;3.7;4.44;0.23;59;0.52;NA;NA;17;1
578;FALSE;FALSE;acs;3;3.64;3.62;0.22;58;0.44;NA;NA;13;1
579;FALSE;FALSE;acs;3;2.02;0.47;0.49;42;0.39;NA;NA;12;1
580;FALSE;FALSE;acs;3;3.55;3.12;0.23;49;0.49;NA;NA;12;1
581;FALSE;FALSE;acs;3;2.39;0.6;0.52;47;0.33;NA;NA;12;1
582;FALSE;FALSE;acs;3;3.75;3.13;0.27;56;0.63;NA;NA;11;1
583;FALSE;FALSE;acs;3;3.46;3.41;0.24;56;0.49;NA;NA;9;1
584;FALSE;FALSE;acs;3;3.52;3.88;0.3;50;0.49;NA;NA;15;1
585;FALSE;FALSE;acs;3;3.61;4.02;0.3;58;0.52;NA;NA;17;1
586;FALSE;FALSE;acs;3;2.69;0.09;0.52;45;0.31;NA;NA;12;1
587;FALSE;FALSE;acs;3;2.95;3.53;0.27;55;0.56;NA;NA;9;1
588;FALSE;FALSE;acs;3;2.65;0.01;0.62;45;0.33;NA;NA;7;1
589;FALSE;FALSE;acs;3;3.46;4.14;0.2;59;0.6;NA;NA;8;1
590;FALSE;FALSE;acs;3;3.91;3.38;0.24;55;0.54;NA;NA;8;1
591;FALSE;FALSE;acs;3;2.9;2.96;0.24;58;0.5;NA;NA;10;1
592;FALSE;FALSE;acs;3;3.48;3.92;0.25;53;0.59;NA;NA;17;1
593;FALSE;FALSE;acs;3;3.13;3.83;0.25;59;0.5;NA;NA;8;1
594;FALSE;FALSE;acs;3;4.5;3.77;0.24;55;0.53;NA;NA;11;1
595;FALSE;FALSE;acs;3;3.84;4.5;0.27;56;0.53;NA;NA;13;1
596;FALSE;FALSE;acs;3;2.32;0.08;0.53;47;0.31;NA;NA;12;1
597;TRUE;TRUE;acs;3;4.24;3.94;0.17;58;0.46;NA;NA;13;1
598;FALSE;FALSE;acs;3;3.58;3.32;0.26;53;0.66;NA;NA;9;1
599;FALSE;FALSE;acs;3;3.5;3.35;0.28;58;0.51;NA;NA;9;1
600;FALSE;FALSE;acs;3;3.7;3.2;0.19;66;0.6;NA;NA;16;1
601;FALSE;FALSE;acs;3;3.6;4.19;0.3;57;0.56;NA;NA;11;1
